Metric,Score
Accuracy,0.7800835407038749
Precision,0.607269818698898
Recall,0.9280184707320386
F1-Score,0.7341391351060972
ROC-AUC,0.9180212857754518
